SYEAR,SMTH,NAICS,_EMPLOYMENT_
2006,1,Accommodation and food services [72],166750
2006,1,"Administrative and support, waste management and remediation services [56]",82750
2006,1,"Agriculture, forestry, fishing and hunting [11]",49000
2006,1,"Arts, entertainment and recreation [71]",65000
2006,1,Construction [23],160750
2006,1,Educational services [61],154250
2006,1,Finance and insurance [52],82000
2006,1,Health care and social assistance [62],212000
2006,1,Information and cultural industries [51],49500
2006,1,Management of companies and enterprises [55],0
2006,1,Manufacturing [31-33],178000
2006,1,"Mining, quarrying, and oil and gas extraction [21]",17000
2006,1,Other services (except public administration)[81],91500
2006,1,"Professional, scientific and technical services [54]",161250
2006,1,Public administration [91],92000
2006,1,"Real estate, rental and leasing [53]",43000
2006,1,Retail trade  [44-45],267000
2006,1,Transportation and warehousing [48-49],119000
2006,1,Utilities [22],7750
2006,1,Wholesale trade  [41],73750
2006,2,Accommodation and food services [72],166250
2006,2,"Administrative and support, waste management and remediation services [56]",85750
2006,2,"Agriculture, forestry, fishing and hunting [11]",54250
2006,2,"Arts, entertainment and recreation [71]",53750
2006,2,Construction [23],162000
2006,2,Educational services [61],156750
2006,2,Finance and insurance [52],82000
2006,2,Health care and social assistance [62],212750
2006,2,Information and cultural industries [51],49750
2006,2,Management of companies and enterprises [55],0
2006,2,Manufacturing [31-33],192000
2006,2,"Mining, quarrying, and oil and gas extraction [21]",15250
2006,2,Other services (except public administration)[81],86250
2006,2,"Professional, scientific and technical services [54]",167750
2006,2,Public administration [91],88000
2006,2,"Real estate, rental and leasing [53]",43500
2006,2,Retail trade  [44-45],263750
2006,2,Transportation and warehousing [48-49],121250
2006,2,Utilities [22],7500
2006,2,Wholesale trade  [41],83000
2006,3,Accommodation and food services [72],157500
2006,3,"Administrative and support, waste management and remediation services [56]",86500
2006,3,"Agriculture, forestry, fishing and hunting [11]",57500
2006,3,"Arts, entertainment and recreation [71]",55500
2006,3,Construction [23],169000
2006,3,Educational services [61],155500
2006,3,Finance and insurance [52],83250
2006,3,Health care and social assistance [62],221750
2006,3,Information and cultural industries [51],53000
2006,3,Management of companies and enterprises [55],0
2006,3,Manufacturing [31-33],196000
2006,3,"Mining, quarrying, and oil and gas extraction [21]",14750
2006,3,Other services (except public administration)[81],92250
2006,3,"Professional, scientific and technical services [54]",163000
2006,3,Public administration [91],90250
2006,3,"Real estate, rental and leasing [53]",44000
2006,3,Retail trade  [44-45],273500
2006,3,Transportation and warehousing [48-49],118500
2006,3,Utilities [22],6750
2006,3,Wholesale trade  [41],75500
2006,4,Accommodation and food services [72],165250
2006,4,"Administrative and support, waste management and remediation services [56]",90250
2006,4,"Agriculture, forestry, fishing and hunting [11]",54250
2006,4,"Arts, entertainment and recreation [71]",56250
2006,4,Construction [23],171000
2006,4,Educational services [61],154000
2006,4,Finance and insurance [52],88250
2006,4,Health care and social assistance [62],220250
2006,4,Information and cultural industries [51],56750
2006,4,Management of companies and enterprises [55],0
2006,4,Manufacturing [31-33],189250
2006,4,"Mining, quarrying, and oil and gas extraction [21]",16750
2006,4,Other services (except public administration)[81],90750
2006,4,"Professional, scientific and technical services [54]",168000
2006,4,Public administration [91],89000
2006,4,"Real estate, rental and leasing [53]",35750
2006,4,Retail trade  [44-45],273000
2006,4,Transportation and warehousing [48-49],116500
2006,4,Utilities [22],6250
2006,4,Wholesale trade  [41],78000
2006,5,Accommodation and food services [72],166250
2006,5,"Administrative and support, waste management and remediation services [56]",91500
2006,5,"Agriculture, forestry, fishing and hunting [11]",59250
2006,5,"Arts, entertainment and recreation [71]",54000
2006,5,Construction [23],167000
2006,5,Educational services [61],152500
2006,5,Finance and insurance [52],84500
2006,5,Health care and social assistance [62],231250
2006,5,Information and cultural industries [51],53500
2006,5,Management of companies and enterprises [55],0
2006,5,Manufacturing [31-33],197750
2006,5,"Mining, quarrying, and oil and gas extraction [21]",18250
2006,5,Other services (except public administration)[81],92250
2006,5,"Professional, scientific and technical services [54]",165250
2006,5,Public administration [91],91250
2006,5,"Real estate, rental and leasing [53]",42750
2006,5,Retail trade  [44-45],270750
2006,5,Transportation and warehousing [48-49],118250
2006,5,Utilities [22],7750
2006,5,Wholesale trade  [41],82000
2006,6,Accommodation and food services [72],169750
2006,6,"Administrative and support, waste management and remediation services [56]",96750
2006,6,"Agriculture, forestry, fishing and hunting [11]",62250
2006,6,"Arts, entertainment and recreation [71]",54500
2006,6,Construction [23],177000
2006,6,Educational services [61],155000
2006,6,Finance and insurance [52],91750
2006,6,Health care and social assistance [62],236750
2006,6,Information and cultural industries [51],57000
2006,6,Management of companies and enterprises [55],0
2006,6,Manufacturing [31-33],187000
2006,6,"Mining, quarrying, and oil and gas extraction [21]",17750
2006,6,Other services (except public administration)[81],89250
2006,6,"Professional, scientific and technical services [54]",159750
2006,6,Public administration [91],87000
2006,6,"Real estate, rental and leasing [53]",41000
2006,6,Retail trade  [44-45],272500
2006,6,Transportation and warehousing [48-49],122500
2006,6,Utilities [22],8750
2006,6,Wholesale trade  [41],81000
2006,7,Accommodation and food services [72],172750
2006,7,"Administrative and support, waste management and remediation services [56]",103500
2006,7,"Agriculture, forestry, fishing and hunting [11]",69250
2006,7,"Arts, entertainment and recreation [71]",54250
2006,7,Construction [23],188750
2006,7,Educational services [61],135500
2006,7,Finance and insurance [52],88250
2006,7,Health care and social assistance [62],238750
2006,7,Information and cultural industries [51],55750
2006,7,Management of companies and enterprises [55],0
2006,7,Manufacturing [31-33],198500
2006,7,"Mining, quarrying, and oil and gas extraction [21]",17750
2006,7,Other services (except public administration)[81],91500
2006,7,"Professional, scientific and technical services [54]",159000
2006,7,Public administration [91],94750
2006,7,"Real estate, rental and leasing [53]",47750
2006,7,Retail trade  [44-45],255750
2006,7,Transportation and warehousing [48-49],114000
2006,7,Utilities [22],9000
2006,7,Wholesale trade  [41],78750
2006,8,Accommodation and food services [72],173250
2006,8,"Administrative and support, waste management and remediation services [56]",106750
2006,8,"Agriculture, forestry, fishing and hunting [11]",68750
2006,8,"Arts, entertainment and recreation [71]",56000
2006,8,Construction [23],188500
2006,8,Educational services [61],129250
2006,8,Finance and insurance [52],81000
2006,8,Health care and social assistance [62],236500
2006,8,Information and cultural industries [51],53750
2006,8,Management of companies and enterprises [55],500
2006,8,Manufacturing [31-33],189250
2006,8,"Mining, quarrying, and oil and gas extraction [21]",20250
2006,8,Other services (except public administration)[81],89500
2006,8,"Professional, scientific and technical services [54]",171250
2006,8,Public administration [91],86500
2006,8,"Real estate, rental and leasing [53]",57500
2006,8,Retail trade  [44-45],255750
2006,8,Transportation and warehousing [48-49],114750
2006,8,Utilities [22],8750
2006,8,Wholesale trade  [41],79000
2006,9,Accommodation and food services [72],166500
2006,9,"Administrative and support, waste management and remediation services [56]",101500
2006,9,"Agriculture, forestry, fishing and hunting [11]",63000
2006,9,"Arts, entertainment and recreation [71]",54000
2006,9,Construction [23],178000
2006,9,Educational services [61],156250
2006,9,Finance and insurance [52],81500
2006,9,Health care and social assistance [62],233000
2006,9,Information and cultural industries [51],56750
2006,9,Management of companies and enterprises [55],500
2006,9,Manufacturing [31-33],187500
2006,9,"Mining, quarrying, and oil and gas extraction [21]",23000
2006,9,Other services (except public administration)[81],85750
2006,9,"Professional, scientific and technical services [54]",166000
2006,9,Public administration [91],86000
2006,9,"Real estate, rental and leasing [53]",54250
2006,9,Retail trade  [44-45],257750
2006,9,Transportation and warehousing [48-49],114000
2006,9,Utilities [22],8750
2006,9,Wholesale trade  [41],80250
2006,10,Accommodation and food services [72],171000
2006,10,"Administrative and support, waste management and remediation services [56]",104250
2006,10,"Agriculture, forestry, fishing and hunting [11]",60500
2006,10,"Arts, entertainment and recreation [71]",56500
2006,10,Construction [23],177500
2006,10,Educational services [61],160250
2006,10,Finance and insurance [52],84500
2006,10,Health care and social assistance [62],233500
2006,10,Information and cultural industries [51],56000
2006,10,Management of companies and enterprises [55],750
2006,10,Manufacturing [31-33],190250
2006,10,"Mining, quarrying, and oil and gas extraction [21]",24250
2006,10,Other services (except public administration)[81],86000
2006,10,"Professional, scientific and technical services [54]",166500
2006,10,Public administration [91],90500
2006,10,"Real estate, rental and leasing [53]",53250
2006,10,Retail trade  [44-45],251500
2006,10,Transportation and warehousing [48-49],109750
2006,10,Utilities [22],9250
2006,10,Wholesale trade  [41],82750
2006,11,Accommodation and food services [72],166500
2006,11,"Administrative and support, waste management and remediation services [56]",96500
2006,11,"Agriculture, forestry, fishing and hunting [11]",58250
2006,11,"Arts, entertainment and recreation [71]",51500
2006,11,Construction [23],178250
2006,11,Educational services [61],161750
2006,11,Finance and insurance [52],87500
2006,11,Health care and social assistance [62],222750
2006,11,Information and cultural industries [51],51000
2006,11,Management of companies and enterprises [55],500
2006,11,Manufacturing [31-33],195000
2006,11,"Mining, quarrying, and oil and gas extraction [21]",23750
2006,11,Other services (except public administration)[81],85000
2006,11,"Professional, scientific and technical services [54]",160500
2006,11,Public administration [91],93500
2006,11,"Real estate, rental and leasing [53]",57250
2006,11,Retail trade  [44-45],256500
2006,11,Transportation and warehousing [48-49],109750
2006,11,Utilities [22],9250
2006,11,Wholesale trade  [41],87000
2006,12,Accommodation and food services [72],166500
2006,12,"Administrative and support, waste management and remediation services [56]",98000
2006,12,"Agriculture, forestry, fishing and hunting [11]",55750
2006,12,"Arts, entertainment and recreation [71]",51500
2006,12,Construction [23],179250
2006,12,Educational services [61],167750
2006,12,Finance and insurance [52],81000
2006,12,Health care and social assistance [62],233000
2006,12,Information and cultural industries [51],54750
2006,12,Management of companies and enterprises [55],750
2006,12,Manufacturing [31-33],194750
2006,12,"Mining, quarrying, and oil and gas extraction [21]",21000
2006,12,Other services (except public administration)[81],87500
2006,12,"Professional, scientific and technical services [54]",160250
2006,12,Public administration [91],89500
2006,12,"Real estate, rental and leasing [53]",62500
2006,12,Retail trade  [44-45],257500
2006,12,Transportation and warehousing [48-49],111250
2006,12,Utilities [22],9000
2006,12,Wholesale trade  [41],82750
2007,1,Accommodation and food services [72],170000
2007,1,"Administrative and support, waste management and remediation services [56]",99250
2007,1,"Agriculture, forestry, fishing and hunting [11]",54500
2007,1,"Arts, entertainment and recreation [71]",52750
2007,1,Construction [23],181500
2007,1,Educational services [61],160500
2007,1,Finance and insurance [52],85250
2007,1,Health care and social assistance [62],229000
2007,1,Information and cultural industries [51],54750
2007,1,Management of companies and enterprises [55],750
2007,1,Manufacturing [31-33],196750
2007,1,"Mining, quarrying, and oil and gas extraction [21]",23250
2007,1,Other services (except public administration)[81],84500
2007,1,"Professional, scientific and technical services [54]",161500
2007,1,Public administration [91],93750
2007,1,"Real estate, rental and leasing [53]",47500
2007,1,Retail trade  [44-45],254000
2007,1,Transportation and warehousing [48-49],115000
2007,1,Utilities [22],7750
2007,1,Wholesale trade  [41],84000
2007,2,Accommodation and food services [72],162500
2007,2,"Administrative and support, waste management and remediation services [56]",88500
2007,2,"Agriculture, forestry, fishing and hunting [11]",53000
2007,2,"Arts, entertainment and recreation [71]",50000
2007,2,Construction [23],172250
2007,2,Educational services [61],167750
2007,2,Finance and insurance [52],93000
2007,2,Health care and social assistance [62],235000
2007,2,Information and cultural industries [51],57500
2007,2,Management of companies and enterprises [55],750
2007,2,Manufacturing [31-33],199000
2007,2,"Mining, quarrying, and oil and gas extraction [21]",23250
2007,2,Other services (except public administration)[81],86500
2007,2,"Professional, scientific and technical services [54]",165500
2007,2,Public administration [91],87500
2007,2,"Real estate, rental and leasing [53]",42750
2007,2,Retail trade  [44-45],259250
2007,2,Transportation and warehousing [48-49],126000
2007,2,Utilities [22],8750
2007,2,Wholesale trade  [41],81750
2007,3,Accommodation and food services [72],163250
2007,3,"Administrative and support, waste management and remediation services [56]",87000
2007,3,"Agriculture, forestry, fishing and hunting [11]",53250
2007,3,"Arts, entertainment and recreation [71]",56250
2007,3,Construction [23],178250
2007,3,Educational services [61],167250
2007,3,Finance and insurance [52],98250
2007,3,Health care and social assistance [62],239500
2007,3,Information and cultural industries [51],58000
2007,3,Management of companies and enterprises [55],1500
2007,3,Manufacturing [31-33],209000
2007,3,"Mining, quarrying, and oil and gas extraction [21]",19750
2007,3,Other services (except public administration)[81],83000
2007,3,"Professional, scientific and technical services [54]",160000
2007,3,Public administration [91],91750
2007,3,"Real estate, rental and leasing [53]",47000
2007,3,Retail trade  [44-45],263500
2007,3,Transportation and warehousing [48-49],121250
2007,3,Utilities [22],8000
2007,3,Wholesale trade  [41],79000
2007,4,Accommodation and food services [72],161000
2007,4,"Administrative and support, waste management and remediation services [56]",90500
2007,4,"Agriculture, forestry, fishing and hunting [11]",55000
2007,4,"Arts, entertainment and recreation [71]",56000
2007,4,Construction [23],186750
2007,4,Educational services [61],162250
2007,4,Finance and insurance [52],97500
2007,4,Health care and social assistance [62],231500
2007,4,Information and cultural industries [51],59000
2007,4,Management of companies and enterprises [55],1000
2007,4,Manufacturing [31-33],201500
2007,4,"Mining, quarrying, and oil and gas extraction [21]",18750
2007,4,Other services (except public administration)[81],87000
2007,4,"Professional, scientific and technical services [54]",161750
2007,4,Public administration [91],93000
2007,4,"Real estate, rental and leasing [53]",44500
2007,4,Retail trade  [44-45],250750
2007,4,Transportation and warehousing [48-49],117000
2007,4,Utilities [22],8500
2007,4,Wholesale trade  [41],83500
2007,5,Accommodation and food services [72],164750
2007,5,"Administrative and support, waste management and remediation services [56]",89500
2007,5,"Agriculture, forestry, fishing and hunting [11]",62000
2007,5,"Arts, entertainment and recreation [71]",59250
2007,5,Construction [23],193000
2007,5,Educational services [61],162250
2007,5,Finance and insurance [52],97500
2007,5,Health care and social assistance [62],224750
2007,5,Information and cultural industries [51],56250
2007,5,Management of companies and enterprises [55],1000
2007,5,Manufacturing [31-33],199250
2007,5,"Mining, quarrying, and oil and gas extraction [21]",18500
2007,5,Other services (except public administration)[81],88000
2007,5,"Professional, scientific and technical services [54]",171000
2007,5,Public administration [91],93500
2007,5,"Real estate, rental and leasing [53]",48250
2007,5,Retail trade  [44-45],272500
2007,5,Transportation and warehousing [48-49],123000
2007,5,Utilities [22],7750
2007,5,Wholesale trade  [41],82250
2007,6,Accommodation and food services [72],175000
2007,6,"Administrative and support, waste management and remediation services [56]",92250
2007,6,"Agriculture, forestry, fishing and hunting [11]",64750
2007,6,"Arts, entertainment and recreation [71]",55000
2007,6,Construction [23],197250
2007,6,Educational services [61],154250
2007,6,Finance and insurance [52],91500
2007,6,Health care and social assistance [62],233000
2007,6,Information and cultural industries [51],56750
2007,6,Management of companies and enterprises [55],1000
2007,6,Manufacturing [31-33],200250
2007,6,"Mining, quarrying, and oil and gas extraction [21]",20750
2007,6,Other services (except public administration)[81],85500
2007,6,"Professional, scientific and technical services [54]",169000
2007,6,Public administration [91],97250
2007,6,"Real estate, rental and leasing [53]",52750
2007,6,Retail trade  [44-45],282250
2007,6,Transportation and warehousing [48-49],123250
2007,6,Utilities [22],9000
2007,6,Wholesale trade  [41],73250
2007,7,Accommodation and food services [72],173750
2007,7,"Administrative and support, waste management and remediation services [56]",97500
2007,7,"Agriculture, forestry, fishing and hunting [11]",68500
2007,7,"Arts, entertainment and recreation [71]",52000
2007,7,Construction [23],193000
2007,7,Educational services [61],120000
2007,7,Finance and insurance [52],96750
2007,7,Health care and social assistance [62],230750
2007,7,Information and cultural industries [51],57000
2007,7,Management of companies and enterprises [55],750
2007,7,Manufacturing [31-33],204250
2007,7,"Mining, quarrying, and oil and gas extraction [21]",19750
2007,7,Other services (except public administration)[81],89250
2007,7,"Professional, scientific and technical services [54]",173750
2007,7,Public administration [91],98000
2007,7,"Real estate, rental and leasing [53]",50250
2007,7,Retail trade  [44-45],288750
2007,7,Transportation and warehousing [48-49],127250
2007,7,Utilities [22],11500
2007,7,Wholesale trade  [41],73000
2007,8,Accommodation and food services [72],188500
2007,8,"Administrative and support, waste management and remediation services [56]",97000
2007,8,"Agriculture, forestry, fishing and hunting [11]",69250
2007,8,"Arts, entertainment and recreation [71]",58750
2007,8,Construction [23],205000
2007,8,Educational services [61],117000
2007,8,Finance and insurance [52],96500
2007,8,Health care and social assistance [62],227750
2007,8,Information and cultural industries [51],60000
2007,8,Management of companies and enterprises [55],500
2007,8,Manufacturing [31-33],195000
2007,8,"Mining, quarrying, and oil and gas extraction [21]",20000
2007,8,Other services (except public administration)[81],87250
2007,8,"Professional, scientific and technical services [54]",167250
2007,8,Public administration [91],95250
2007,8,"Real estate, rental and leasing [53]",50750
2007,8,Retail trade  [44-45],286250
2007,8,Transportation and warehousing [48-49],122500
2007,8,Utilities [22],11000
2007,8,Wholesale trade  [41],76500
2007,9,Accommodation and food services [72],168750
2007,9,"Administrative and support, waste management and remediation services [56]",100000
2007,9,"Agriculture, forestry, fishing and hunting [11]",66250
2007,9,"Arts, entertainment and recreation [71]",56250
2007,9,Construction [23],197750
2007,9,Educational services [61],156750
2007,9,Finance and insurance [52],93000
2007,9,Health care and social assistance [62],228000
2007,9,Information and cultural industries [51],58500
2007,9,Management of companies and enterprises [55],0
2007,9,Manufacturing [31-33],201250
2007,9,"Mining, quarrying, and oil and gas extraction [21]",18500
2007,9,Other services (except public administration)[81],85500
2007,9,"Professional, scientific and technical services [54]",160000
2007,9,Public administration [91],94000
2007,9,"Real estate, rental and leasing [53]",47750
2007,9,Retail trade  [44-45],281500
2007,9,Transportation and warehousing [48-49],118250
2007,9,Utilities [22],10250
2007,9,Wholesale trade  [41],71250
2007,10,Accommodation and food services [72],166750
2007,10,"Administrative and support, waste management and remediation services [56]",99250
2007,10,"Agriculture, forestry, fishing and hunting [11]",70000
2007,10,"Arts, entertainment and recreation [71]",56250
2007,10,Construction [23],191500
2007,10,Educational services [61],158250
2007,10,Finance and insurance [52],94000
2007,10,Health care and social assistance [62],236500
2007,10,Information and cultural industries [51],58250
2007,10,Management of companies and enterprises [55],0
2007,10,Manufacturing [31-33],194500
2007,10,"Mining, quarrying, and oil and gas extraction [21]",19250
2007,10,Other services (except public administration)[81],87000
2007,10,"Professional, scientific and technical services [54]",160250
2007,10,Public administration [91],95000
2007,10,"Real estate, rental and leasing [53]",46000
2007,10,Retail trade  [44-45],283750
2007,10,Transportation and warehousing [48-49],116500
2007,10,Utilities [22],12250
2007,10,Wholesale trade  [41],80000
2007,11,Accommodation and food services [72],165750
2007,11,"Administrative and support, waste management and remediation services [56]",97500
2007,11,"Agriculture, forestry, fishing and hunting [11]",63250
2007,11,"Arts, entertainment and recreation [71]",53750
2007,11,Construction [23],201000
2007,11,Educational services [61],161250
2007,11,Finance and insurance [52],98750
2007,11,Health care and social assistance [62],235500
2007,11,Information and cultural industries [51],63000
2007,11,Management of companies and enterprises [55],0
2007,11,Manufacturing [31-33],192000
2007,11,"Mining, quarrying, and oil and gas extraction [21]",16500
2007,11,Other services (except public administration)[81],85250
2007,11,"Professional, scientific and technical services [54]",162250
2007,11,Public administration [91],95500
2007,11,"Real estate, rental and leasing [53]",39500
2007,11,Retail trade  [44-45],284250
2007,11,Transportation and warehousing [48-49],122500
2007,11,Utilities [22],11500
2007,11,Wholesale trade  [41],84750
2007,12,Accommodation and food services [72],164000
2007,12,"Administrative and support, waste management and remediation services [56]",100000
2007,12,"Agriculture, forestry, fishing and hunting [11]",62500
2007,12,"Arts, entertainment and recreation [71]",57000
2007,12,Construction [23],203750
2007,12,Educational services [61],164000
2007,12,Finance and insurance [52],100500
2007,12,Health care and social assistance [62],229500
2007,12,Information and cultural industries [51],64000
2007,12,Management of companies and enterprises [55],0
2007,12,Manufacturing [31-33],176000
2007,12,"Mining, quarrying, and oil and gas extraction [21]",18750
2007,12,Other services (except public administration)[81],85500
2007,12,"Professional, scientific and technical services [54]",157500
2007,12,Public administration [91],102500
2007,12,"Real estate, rental and leasing [53]",37000
2007,12,Retail trade  [44-45],281250
2007,12,Transportation and warehousing [48-49],127750
2007,12,Utilities [22],12250
2007,12,Wholesale trade  [41],81250
2008,1,Accommodation and food services [72],161250
2008,1,"Administrative and support, waste management and remediation services [56]",100750
2008,1,"Agriculture, forestry, fishing and hunting [11]",60750
2008,1,"Arts, entertainment and recreation [71]",53000
2008,1,Construction [23],203000
2008,1,Educational services [61],165750
2008,1,Finance and insurance [52],93000
2008,1,Health care and social assistance [62],238250
2008,1,Information and cultural industries [51],59500
2008,1,Management of companies and enterprises [55],0
2008,1,Manufacturing [31-33],173000
2008,1,"Mining, quarrying, and oil and gas extraction [21]",20250
2008,1,Other services (except public administration)[81],88500
2008,1,"Professional, scientific and technical services [54]",163250
2008,1,Public administration [91],95250
2008,1,"Real estate, rental and leasing [53]",46000
2008,1,Retail trade  [44-45],263750
2008,1,Transportation and warehousing [48-49],124000
2008,1,Utilities [22],12000
2008,1,Wholesale trade  [41],81750
2008,2,Accommodation and food services [72],165250
2008,2,"Administrative and support, waste management and remediation services [56]",93250
2008,2,"Agriculture, forestry, fishing and hunting [11]",59500
2008,2,"Arts, entertainment and recreation [71]",57500
2008,2,Construction [23],206750
2008,2,Educational services [61],162000
2008,2,Finance and insurance [52],91500
2008,2,Health care and social assistance [62],233750
2008,2,Information and cultural industries [51],56750
2008,2,Management of companies and enterprises [55],0
2008,2,Manufacturing [31-33],171000
2008,2,"Mining, quarrying, and oil and gas extraction [21]",19750
2008,2,Other services (except public administration)[81],91250
2008,2,"Professional, scientific and technical services [54]",166000
2008,2,Public administration [91],96500
2008,2,"Real estate, rental and leasing [53]",48500
2008,2,Retail trade  [44-45],265500
2008,2,Transportation and warehousing [48-49],121000
2008,2,Utilities [22],11750
2008,2,Wholesale trade  [41],86500
2008,3,Accommodation and food services [72],173500
2008,3,"Administrative and support, waste management and remediation services [56]",98250
2008,3,"Agriculture, forestry, fishing and hunting [11]",60750
2008,3,"Arts, entertainment and recreation [71]",59750
2008,3,Construction [23],207500
2008,3,Educational services [61],158250
2008,3,Finance and insurance [52],88500
2008,3,Health care and social assistance [62],232250
2008,3,Information and cultural industries [51],53500
2008,3,Management of companies and enterprises [55],500
2008,3,Manufacturing [31-33],181000
2008,3,"Mining, quarrying, and oil and gas extraction [21]",20000
2008,3,Other services (except public administration)[81],97000
2008,3,"Professional, scientific and technical services [54]",163750
2008,3,Public administration [91],98000
2008,3,"Real estate, rental and leasing [53]",50000
2008,3,Retail trade  [44-45],275750
2008,3,Transportation and warehousing [48-49],121000
2008,3,Utilities [22],11500
2008,3,Wholesale trade  [41],80000
2008,4,Accommodation and food services [72],172000
2008,4,"Administrative and support, waste management and remediation services [56]",103000
2008,4,"Agriculture, forestry, fishing and hunting [11]",55250
2008,4,"Arts, entertainment and recreation [71]",56250
2008,4,Construction [23],208500
2008,4,Educational services [61],158250
2008,4,Finance and insurance [52],86000
2008,4,Health care and social assistance [62],232250
2008,4,Information and cultural industries [51],54750
2008,4,Management of companies and enterprises [55],1000
2008,4,Manufacturing [31-33],177000
2008,4,"Mining, quarrying, and oil and gas extraction [21]",22500
2008,4,Other services (except public administration)[81],93250
2008,4,"Professional, scientific and technical services [54]",165250
2008,4,Public administration [91],103750
2008,4,"Real estate, rental and leasing [53]",53250
2008,4,Retail trade  [44-45],271500
2008,4,Transportation and warehousing [48-49],120500
2008,4,Utilities [22],10750
2008,4,Wholesale trade  [41],80500
2008,5,Accommodation and food services [72],176500
2008,5,"Administrative and support, waste management and remediation services [56]",103250
2008,5,"Agriculture, forestry, fishing and hunting [11]",52250
2008,5,"Arts, entertainment and recreation [71]",59750
2008,5,Construction [23],215500
2008,5,Educational services [61],156250
2008,5,Finance and insurance [52],85250
2008,5,Health care and social assistance [62],232750
2008,5,Information and cultural industries [51],58250
2008,5,Management of companies and enterprises [55],1000
2008,5,Manufacturing [31-33],182000
2008,5,"Mining, quarrying, and oil and gas extraction [21]",22500
2008,5,Other services (except public administration)[81],96750
2008,5,"Professional, scientific and technical services [54]",168000
2008,5,Public administration [91],104500
2008,5,"Real estate, rental and leasing [53]",55250
2008,5,Retail trade  [44-45],274250
2008,5,Transportation and warehousing [48-49],122500
2008,5,Utilities [22],11250
2008,5,Wholesale trade  [41],73000
2008,6,Accommodation and food services [72],178250
2008,6,"Administrative and support, waste management and remediation services [56]",102000
2008,6,"Agriculture, forestry, fishing and hunting [11]",55500
2008,6,"Arts, entertainment and recreation [71]",59250
2008,6,Construction [23],219750
2008,6,Educational services [61],158250
2008,6,Finance and insurance [52],84000
2008,6,Health care and social assistance [62],237750
2008,6,Information and cultural industries [51],55250
2008,6,Management of companies and enterprises [55],1250
2008,6,Manufacturing [31-33],186500
2008,6,"Mining, quarrying, and oil and gas extraction [21]",21500
2008,6,Other services (except public administration)[81],98250
2008,6,"Professional, scientific and technical services [54]",167500
2008,6,Public administration [91],105000
2008,6,"Real estate, rental and leasing [53]",56000
2008,6,Retail trade  [44-45],280750
2008,6,Transportation and warehousing [48-49],127500
2008,6,Utilities [22],11750
2008,6,Wholesale trade  [41],74250
2008,7,Accommodation and food services [72],175500
2008,7,"Administrative and support, waste management and remediation services [56]",108000
2008,7,"Agriculture, forestry, fishing and hunting [11]",56250
2008,7,"Arts, entertainment and recreation [71]",58500
2008,7,Construction [23],230500
2008,7,Educational services [61],133750
2008,7,Finance and insurance [52],91250
2008,7,Health care and social assistance [62],239750
2008,7,Information and cultural industries [51],56500
2008,7,Management of companies and enterprises [55],1250
2008,7,Manufacturing [31-33],184750
2008,7,"Mining, quarrying, and oil and gas extraction [21]",25000
2008,7,Other services (except public administration)[81],101250
2008,7,"Professional, scientific and technical services [54]",166000
2008,7,Public administration [91],102750
2008,7,"Real estate, rental and leasing [53]",51500
2008,7,Retail trade  [44-45],271250
2008,7,Transportation and warehousing [48-49],130500
2008,7,Utilities [22],13000
2008,7,Wholesale trade  [41],81250
2008,8,Accommodation and food services [72],173750
2008,8,"Administrative and support, waste management and remediation services [56]",108500
2008,8,"Agriculture, forestry, fishing and hunting [11]",54000
2008,8,"Arts, entertainment and recreation [71]",59500
2008,8,Construction [23],232750
2008,8,Educational services [61],126500
2008,8,Finance and insurance [52],90750
2008,8,Health care and social assistance [62],245500
2008,8,Information and cultural industries [51],55750
2008,8,Management of companies and enterprises [55],1000
2008,8,Manufacturing [31-33],182000
2008,8,"Mining, quarrying, and oil and gas extraction [21]",27250
2008,8,Other services (except public administration)[81],101500
2008,8,"Professional, scientific and technical services [54]",164000
2008,8,Public administration [91],103000
2008,8,"Real estate, rental and leasing [53]",47750
2008,8,Retail trade  [44-45],267500
2008,8,Transportation and warehousing [48-49],131000
2008,8,Utilities [22],14000
2008,8,Wholesale trade  [41],90250
2008,9,Accommodation and food services [72],168500
2008,9,"Administrative and support, waste management and remediation services [56]",102250
2008,9,"Agriculture, forestry, fishing and hunting [11]",49250
2008,9,"Arts, entertainment and recreation [71]",55500
2008,9,Construction [23],231000
2008,9,Educational services [61],152500
2008,9,Finance and insurance [52],89750
2008,9,Health care and social assistance [62],248000
2008,9,Information and cultural industries [51],57750
2008,9,Management of companies and enterprises [55],1000
2008,9,Manufacturing [31-33],177000
2008,9,"Mining, quarrying, and oil and gas extraction [21]",27750
2008,9,Other services (except public administration)[81],95750
2008,9,"Professional, scientific and technical services [54]",160500
2008,9,Public administration [91],96250
2008,9,"Real estate, rental and leasing [53]",47500
2008,9,Retail trade  [44-45],251000
2008,9,Transportation and warehousing [48-49],129500
2008,9,Utilities [22],13500
2008,9,Wholesale trade  [41],99500
2008,10,Accommodation and food services [72],167750
2008,10,"Administrative and support, waste management and remediation services [56]",103000
2008,10,"Agriculture, forestry, fishing and hunting [11]",47750
2008,10,"Arts, entertainment and recreation [71]",55750
2008,10,Construction [23],226000
2008,10,Educational services [61],154000
2008,10,Finance and insurance [52],94250
2008,10,Health care and social assistance [62],252250
2008,10,Information and cultural industries [51],50500
2008,10,Management of companies and enterprises [55],250
2008,10,Manufacturing [31-33],175250
2008,10,"Mining, quarrying, and oil and gas extraction [21]",29000
2008,10,Other services (except public administration)[81],93000
2008,10,"Professional, scientific and technical services [54]",165250
2008,10,Public administration [91],105000
2008,10,"Real estate, rental and leasing [53]",42750
2008,10,Retail trade  [44-45],255500
2008,10,Transportation and warehousing [48-49],124000
2008,10,Utilities [22],13250
2008,10,Wholesale trade  [41],93000
2008,11,Accommodation and food services [72],166000
2008,11,"Administrative and support, waste management and remediation services [56]",99750
2008,11,"Agriculture, forestry, fishing and hunting [11]",42500
2008,11,"Arts, entertainment and recreation [71]",54250
2008,11,Construction [23],222000
2008,11,Educational services [61],156750
2008,11,Finance and insurance [52],89500
2008,11,Health care and social assistance [62],251250
2008,11,Information and cultural industries [51],54500
2008,11,Management of companies and enterprises [55],0
2008,11,Manufacturing [31-33],175250
2008,11,"Mining, quarrying, and oil and gas extraction [21]",27750
2008,11,Other services (except public administration)[81],91750
2008,11,"Professional, scientific and technical services [54]",170000
2008,11,Public administration [91],100500
2008,11,"Real estate, rental and leasing [53]",47000
2008,11,Retail trade  [44-45],261000
2008,11,Transportation and warehousing [48-49],117000
2008,11,Utilities [22],13250
2008,11,Wholesale trade  [41],92250
2008,12,Accommodation and food services [72],169500
2008,12,"Administrative and support, waste management and remediation services [56]",101750
2008,12,"Agriculture, forestry, fishing and hunting [11]",43000
2008,12,"Arts, entertainment and recreation [71]",53500
2008,12,Construction [23],213500
2008,12,Educational services [61],157000
2008,12,Finance and insurance [52],90500
2008,12,Health care and social assistance [62],250000
2008,12,Information and cultural industries [51],50750
2008,12,Management of companies and enterprises [55],500
2008,12,Manufacturing [31-33],170750
2008,12,"Mining, quarrying, and oil and gas extraction [21]",30750
2008,12,Other services (except public administration)[81],88750
2008,12,"Professional, scientific and technical services [54]",167000
2008,12,Public administration [91],100250
2008,12,"Real estate, rental and leasing [53]",44500
2008,12,Retail trade  [44-45],263000
2008,12,Transportation and warehousing [48-49],117500
2008,12,Utilities [22],13500
2008,12,Wholesale trade  [41],94000
2009,1,Accommodation and food services [72],167250
2009,1,"Administrative and support, waste management and remediation services [56]",95750
2009,1,"Agriculture, forestry, fishing and hunting [11]",40750
2009,1,"Arts, entertainment and recreation [71]",56500
2009,1,Construction [23],200000
2009,1,Educational services [61],156500
2009,1,Finance and insurance [52],88500
2009,1,Health care and social assistance [62],254500
2009,1,Information and cultural industries [51],49500
2009,1,Management of companies and enterprises [55],0
2009,1,Manufacturing [31-33],157250
2009,1,"Mining, quarrying, and oil and gas extraction [21]",26250
2009,1,Other services (except public administration)[81],86750
2009,1,"Professional, scientific and technical services [54]",168500
2009,1,Public administration [91],101250
2009,1,"Real estate, rental and leasing [53]",47750
2009,1,Retail trade  [44-45],257500
2009,1,Transportation and warehousing [48-49],113750
2009,1,Utilities [22],13500
2009,1,Wholesale trade  [41],87750
2009,2,Accommodation and food services [72],167250
2009,2,"Administrative and support, waste management and remediation services [56]",92250
2009,2,"Agriculture, forestry, fishing and hunting [11]",46500
2009,2,"Arts, entertainment and recreation [71]",55250
2009,2,Construction [23],196500
2009,2,Educational services [61],158750
2009,2,Finance and insurance [52],88750
2009,2,Health care and social assistance [62],258500
2009,2,Information and cultural industries [51],50750
2009,2,Management of companies and enterprises [55],0
2009,2,Manufacturing [31-33],153000
2009,2,"Mining, quarrying, and oil and gas extraction [21]",25000
2009,2,Other services (except public administration)[81],91000
2009,2,"Professional, scientific and technical services [54]",160750
2009,2,Public administration [91],96500
2009,2,"Real estate, rental and leasing [53]",47000
2009,2,Retail trade  [44-45],261250
2009,2,Transportation and warehousing [48-49],115750
2009,2,Utilities [22],11250
2009,2,Wholesale trade  [41],84750
2009,3,Accommodation and food services [72],171500
2009,3,"Administrative and support, waste management and remediation services [56]",97500
2009,3,"Agriculture, forestry, fishing and hunting [11]",43500
2009,3,"Arts, entertainment and recreation [71]",54000
2009,3,Construction [23],190750
2009,3,Educational services [61],154000
2009,3,Finance and insurance [52],81000
2009,3,Health care and social assistance [62],252000
2009,3,Information and cultural industries [51],54250
2009,3,Management of companies and enterprises [55],0
2009,3,Manufacturing [31-33],154000
2009,3,"Mining, quarrying, and oil and gas extraction [21]",25750
2009,3,Other services (except public administration)[81],92500
2009,3,"Professional, scientific and technical services [54]",162500
2009,3,Public administration [91],99750
2009,3,"Real estate, rental and leasing [53]",49250
2009,3,Retail trade  [44-45],262250
2009,3,Transportation and warehousing [48-49],115750
2009,3,Utilities [22],11500
2009,3,Wholesale trade  [41],81500
2009,4,Accommodation and food services [72],168500
2009,4,"Administrative and support, waste management and remediation services [56]",96500
2009,4,"Agriculture, forestry, fishing and hunting [11]",44000
2009,4,"Arts, entertainment and recreation [71]",58750
2009,4,Construction [23],199500
2009,4,Educational services [61],155500
2009,4,Finance and insurance [52],75750
2009,4,Health care and social assistance [62],260000
2009,4,Information and cultural industries [51],53750
2009,4,Management of companies and enterprises [55],750
2009,4,Manufacturing [31-33],154000
2009,4,"Mining, quarrying, and oil and gas extraction [21]",23500
2009,4,Other services (except public administration)[81],92250
2009,4,"Professional, scientific and technical services [54]",162750
2009,4,Public administration [91],99250
2009,4,"Real estate, rental and leasing [53]",46750
2009,4,Retail trade  [44-45],273000
2009,4,Transportation and warehousing [48-49],111500
2009,4,Utilities [22],12000
2009,4,Wholesale trade  [41],82250
2009,5,Accommodation and food services [72],175750
2009,5,"Administrative and support, waste management and remediation services [56]",102000
2009,5,"Agriculture, forestry, fishing and hunting [11]",44250
2009,5,"Arts, entertainment and recreation [71]",61250
2009,5,Construction [23],206500
2009,5,Educational services [61],147500
2009,5,Finance and insurance [52],75750
2009,5,Health care and social assistance [62],256250
2009,5,Information and cultural industries [51],51500
2009,5,Management of companies and enterprises [55],750
2009,5,Manufacturing [31-33],155250
2009,5,"Mining, quarrying, and oil and gas extraction [21]",24000
2009,5,Other services (except public administration)[81],96250
2009,5,"Professional, scientific and technical services [54]",162500
2009,5,Public administration [91],111500
2009,5,"Real estate, rental and leasing [53]",49250
2009,5,Retail trade  [44-45],273250
2009,5,Transportation and warehousing [48-49],108750
2009,5,Utilities [22],12250
2009,5,Wholesale trade  [41],86750
2009,6,Accommodation and food services [72],182250
2009,6,"Administrative and support, waste management and remediation services [56]",102750
2009,6,"Agriculture, forestry, fishing and hunting [11]",50250
2009,6,"Arts, entertainment and recreation [71]",66500
2009,6,Construction [23],203500
2009,6,Educational services [61],147500
2009,6,Finance and insurance [52],74250
2009,6,Health care and social assistance [62],252250
2009,6,Information and cultural industries [51],47500
2009,6,Management of companies and enterprises [55],500
2009,6,Manufacturing [31-33],160500
2009,6,"Mining, quarrying, and oil and gas extraction [21]",23250
2009,6,Other services (except public administration)[81],96250
2009,6,"Professional, scientific and technical services [54]",163500
2009,6,Public administration [91],108250
2009,6,"Real estate, rental and leasing [53]",55500
2009,6,Retail trade  [44-45],276000
2009,6,Transportation and warehousing [48-49],113250
2009,6,Utilities [22],11500
2009,6,Wholesale trade  [41],83250
2009,7,Accommodation and food services [72],177250
2009,7,"Administrative and support, waste management and remediation services [56]",102250
2009,7,"Agriculture, forestry, fishing and hunting [11]",48000
2009,7,"Arts, entertainment and recreation [71]",68750
2009,7,Construction [23],212750
2009,7,Educational services [61],120750
2009,7,Finance and insurance [52],85250
2009,7,Health care and social assistance [62],252750
2009,7,Information and cultural industries [51],49750
2009,7,Management of companies and enterprises [55],500
2009,7,Manufacturing [31-33],157750
2009,7,"Mining, quarrying, and oil and gas extraction [21]",25250
2009,7,Other services (except public administration)[81],96000
2009,7,"Professional, scientific and technical services [54]",163500
2009,7,Public administration [91],109500
2009,7,"Real estate, rental and leasing [53]",54000
2009,7,Retail trade  [44-45],277000
2009,7,Transportation and warehousing [48-49],118500
2009,7,Utilities [22],11750
2009,7,Wholesale trade  [41],88000
2009,8,Accommodation and food services [72],174250
2009,8,"Administrative and support, waste management and remediation services [56]",100000
2009,8,"Agriculture, forestry, fishing and hunting [11]",52500
2009,8,"Arts, entertainment and recreation [71]",64500
2009,8,Construction [23],212000
2009,8,Educational services [61],120250
2009,8,Finance and insurance [52],83250
2009,8,Health care and social assistance [62],255750
2009,8,Information and cultural industries [51],53250
2009,8,Management of companies and enterprises [55],0
2009,8,Manufacturing [31-33],157000
2009,8,"Mining, quarrying, and oil and gas extraction [21]",24000
2009,8,Other services (except public administration)[81],97750
2009,8,"Professional, scientific and technical services [54]",166000
2009,8,Public administration [91],112750
2009,8,"Real estate, rental and leasing [53]",48000
2009,8,Retail trade  [44-45],278000
2009,8,Transportation and warehousing [48-49],114250
2009,8,Utilities [22],10250
2009,8,Wholesale trade  [41],88000
2009,9,Accommodation and food services [72],170250
2009,9,"Administrative and support, waste management and remediation services [56]",96750
2009,9,"Agriculture, forestry, fishing and hunting [11]",53250
2009,9,"Arts, entertainment and recreation [71]",57250
2009,9,Construction [23],210500
2009,9,Educational services [61],149250
2009,9,Finance and insurance [52],85250
2009,9,Health care and social assistance [62],261000
2009,9,Information and cultural industries [51],48750
2009,9,Management of companies and enterprises [55],250
2009,9,Manufacturing [31-33],161500
2009,9,"Mining, quarrying, and oil and gas extraction [21]",22000
2009,9,Other services (except public administration)[81],99750
2009,9,"Professional, scientific and technical services [54]",149250
2009,9,Public administration [91],111500
2009,9,"Real estate, rental and leasing [53]",45500
2009,9,Retail trade  [44-45],271250
2009,9,Transportation and warehousing [48-49],111500
2009,9,Utilities [22],12250
2009,9,Wholesale trade  [41],82500
2009,10,Accommodation and food services [72],163500
2009,10,"Administrative and support, waste management and remediation services [56]",98250
2009,10,"Agriculture, forestry, fishing and hunting [11]",52250
2009,10,"Arts, entertainment and recreation [71]",62500
2009,10,Construction [23],209250
2009,10,Educational services [61],147250
2009,10,Finance and insurance [52],87000
2009,10,Health care and social assistance [62],258750
2009,10,Information and cultural industries [51],48750
2009,10,Management of companies and enterprises [55],0
2009,10,Manufacturing [31-33],151750
2009,10,"Mining, quarrying, and oil and gas extraction [21]",22000
2009,10,Other services (except public administration)[81],100500
2009,10,"Professional, scientific and technical services [54]",151500
2009,10,Public administration [91],107250
2009,10,"Real estate, rental and leasing [53]",47750
2009,10,Retail trade  [44-45],271250
2009,10,Transportation and warehousing [48-49],112000
2009,10,Utilities [22],12750
2009,10,Wholesale trade  [41],92750
2009,11,Accommodation and food services [72],165750
2009,11,"Administrative and support, waste management and remediation services [56]",93750
2009,11,"Agriculture, forestry, fishing and hunting [11]",49000
2009,11,"Arts, entertainment and recreation [71]",63250
2009,11,Construction [23],204500
2009,11,Educational services [61],153250
2009,11,Finance and insurance [52],90250
2009,11,Health care and social assistance [62],266000
2009,11,Information and cultural industries [51],52000
2009,11,Management of companies and enterprises [55],0
2009,11,Manufacturing [31-33],147500
2009,11,"Mining, quarrying, and oil and gas extraction [21]",22750
2009,11,Other services (except public administration)[81],99000
2009,11,"Professional, scientific and technical services [54]",152000
2009,11,Public administration [91],105750
2009,11,"Real estate, rental and leasing [53]",44750
2009,11,Retail trade  [44-45],285250
2009,11,Transportation and warehousing [48-49],113500
2009,11,Utilities [22],11750
2009,11,Wholesale trade  [41],86250
2009,12,Accommodation and food services [72],166750
2009,12,"Administrative and support, waste management and remediation services [56]",93750
2009,12,"Agriculture, forestry, fishing and hunting [11]",47750
2009,12,"Arts, entertainment and recreation [71]",63500
2009,12,Construction [23],199000
2009,12,Educational services [61],153000
2009,12,Finance and insurance [52],97000
2009,12,Health care and social assistance [62],256250
2009,12,Information and cultural industries [51],51000
2009,12,Management of companies and enterprises [55],0
2009,12,Manufacturing [31-33],144000
2009,12,"Mining, quarrying, and oil and gas extraction [21]",19250
2009,12,Other services (except public administration)[81],95750
2009,12,"Professional, scientific and technical services [54]",154250
2009,12,Public administration [91],104500
2009,12,"Real estate, rental and leasing [53]",45000
2009,12,Retail trade  [44-45],296000
2009,12,Transportation and warehousing [48-49],114750
2009,12,Utilities [22],12500
2009,12,Wholesale trade  [41],82000
2010,1,Accommodation and food services [72],168250
2010,1,"Administrative and support, waste management and remediation services [56]",95000
2010,1,"Agriculture, forestry, fishing and hunting [11]",43500
2010,1,"Arts, entertainment and recreation [71]",67000
2010,1,Construction [23],193750
2010,1,Educational services [61],155750
2010,1,Finance and insurance [52],93000
2010,1,Health care and social assistance [62],249250
2010,1,Information and cultural industries [51],47250
2010,1,Management of companies and enterprises [55],0
2010,1,Manufacturing [31-33],142000
2010,1,"Mining, quarrying, and oil and gas extraction [21]",23500
2010,1,Other services (except public administration)[81],94000
2010,1,"Professional, scientific and technical services [54]",152250
2010,1,Public administration [91],104000
2010,1,"Real estate, rental and leasing [53]",46500
2010,1,Retail trade  [44-45],293000
2010,1,Transportation and warehousing [48-49],112750
2010,1,Utilities [22],12750
2010,1,Wholesale trade  [41],79750
2010,2,Accommodation and food services [72],174000
2010,2,"Administrative and support, waste management and remediation services [56]",94750
2010,2,"Agriculture, forestry, fishing and hunting [11]",45250
2010,2,"Arts, entertainment and recreation [71]",64250
2010,2,Construction [23],187250
2010,2,Educational services [61],156250
2010,2,Finance and insurance [52],97500
2010,2,Health care and social assistance [62],257000
2010,2,Information and cultural industries [51],49500
2010,2,Management of companies and enterprises [55],0
2010,2,Manufacturing [31-33],146000
2010,2,"Mining, quarrying, and oil and gas extraction [21]",23250
2010,2,Other services (except public administration)[81],94500
2010,2,"Professional, scientific and technical services [54]",155250
2010,2,Public administration [91],107750
2010,2,"Real estate, rental and leasing [53]",45000
2010,2,Retail trade  [44-45],283500
2010,2,Transportation and warehousing [48-49],114250
2010,2,Utilities [22],11750
2010,2,Wholesale trade  [41],81750
2010,3,Accommodation and food services [72],168750
2010,3,"Administrative and support, waste management and remediation services [56]",96500
2010,3,"Agriculture, forestry, fishing and hunting [11]",48250
2010,3,"Arts, entertainment and recreation [71]",62000
2010,3,Construction [23],193500
2010,3,Educational services [61],158500
2010,3,Finance and insurance [52],89500
2010,3,Health care and social assistance [62],261750
2010,3,Information and cultural industries [51],53250
2010,3,Management of companies and enterprises [55],0
2010,3,Manufacturing [31-33],148750
2010,3,"Mining, quarrying, and oil and gas extraction [21]",22000
2010,3,Other services (except public administration)[81],91750
2010,3,"Professional, scientific and technical services [54]",158750
2010,3,Public administration [91],106750
2010,3,"Real estate, rental and leasing [53]",43750
2010,3,Retail trade  [44-45],279500
2010,3,Transportation and warehousing [48-49],113750
2010,3,Utilities [22],13250
2010,3,Wholesale trade  [41],86250
2010,4,Accommodation and food services [72],165500
2010,4,"Administrative and support, waste management and remediation services [56]",98000
2010,4,"Agriculture, forestry, fishing and hunting [11]",49250
2010,4,"Arts, entertainment and recreation [71]",60500
2010,4,Construction [23],195250
2010,4,Educational services [61],155750
2010,4,Finance and insurance [52],89000
2010,4,Health care and social assistance [62],263000
2010,4,Information and cultural industries [51],54750
2010,4,Management of companies and enterprises [55],0
2010,4,Manufacturing [31-33],148500
2010,4,"Mining, quarrying, and oil and gas extraction [21]",21250
2010,4,Other services (except public administration)[81],96500
2010,4,"Professional, scientific and technical services [54]",158750
2010,4,Public administration [91],103000
2010,4,"Real estate, rental and leasing [53]",45250
2010,4,Retail trade  [44-45],288500
2010,4,Transportation and warehousing [48-49],115000
2010,4,Utilities [22],13500
2010,4,Wholesale trade  [41],81250
2010,5,Accommodation and food services [72],170500
2010,5,"Administrative and support, waste management and remediation services [56]",99250
2010,5,"Agriculture, forestry, fishing and hunting [11]",49500
2010,5,"Arts, entertainment and recreation [71]",60250
2010,5,Construction [23],204000
2010,5,Educational services [61],155500
2010,5,Finance and insurance [52],90250
2010,5,Health care and social assistance [62],260250
2010,5,Information and cultural industries [51],50250
2010,5,Management of companies and enterprises [55],0
2010,5,Manufacturing [31-33],151250
2010,5,"Mining, quarrying, and oil and gas extraction [21]",21500
2010,5,Other services (except public administration)[81],95500
2010,5,"Professional, scientific and technical services [54]",160000
2010,5,Public administration [91],104250
2010,5,"Real estate, rental and leasing [53]",45750
2010,5,Retail trade  [44-45],287500
2010,5,Transportation and warehousing [48-49],114000
2010,5,Utilities [22],14000
2010,5,Wholesale trade  [41],79000
2010,6,Accommodation and food services [72],173750
2010,6,"Administrative and support, waste management and remediation services [56]",95250
2010,6,"Agriculture, forestry, fishing and hunting [11]",49250
2010,6,"Arts, entertainment and recreation [71]",60000
2010,6,Construction [23],207250
2010,6,Educational services [61],160000
2010,6,Finance and insurance [52],97250
2010,6,Health care and social assistance [62],267750
2010,6,Information and cultural industries [51],53500
2010,6,Management of companies and enterprises [55],0
2010,6,Manufacturing [31-33],156250
2010,6,"Mining, quarrying, and oil and gas extraction [21]",23250
2010,6,Other services (except public administration)[81],90250
2010,6,"Professional, scientific and technical services [54]",165500
2010,6,Public administration [91],104500
2010,6,"Real estate, rental and leasing [53]",42000
2010,6,Retail trade  [44-45],290750
2010,6,Transportation and warehousing [48-49],116250
2010,6,Utilities [22],13250
2010,6,Wholesale trade  [41],80500
2010,7,Accommodation and food services [72],182500
2010,7,"Administrative and support, waste management and remediation services [56]",101500
2010,7,"Agriculture, forestry, fishing and hunting [11]",53500
2010,7,"Arts, entertainment and recreation [71]",53750
2010,7,Construction [23],208750
2010,7,Educational services [61],129500
2010,7,Finance and insurance [52],96500
2010,7,Health care and social assistance [62],263000
2010,7,Information and cultural industries [51],61250
2010,7,Management of companies and enterprises [55],0
2010,7,Manufacturing [31-33],161000
2010,7,"Mining, quarrying, and oil and gas extraction [21]",24000
2010,7,Other services (except public administration)[81],97000
2010,7,"Professional, scientific and technical services [54]",172750
2010,7,Public administration [91],104000
2010,7,"Real estate, rental and leasing [53]",43500
2010,7,Retail trade  [44-45],294250
2010,7,Transportation and warehousing [48-49],118500
2010,7,Utilities [22],12750
2010,7,Wholesale trade  [41],80500
2010,8,Accommodation and food services [72],178000
2010,8,"Administrative and support, waste management and remediation services [56]",96250
2010,8,"Agriculture, forestry, fishing and hunting [11]",58250
2010,8,"Arts, entertainment and recreation [71]",56250
2010,8,Construction [23],205500
2010,8,Educational services [61],130750
2010,8,Finance and insurance [52],95500
2010,8,Health care and social assistance [62],268250
2010,8,Information and cultural industries [51],58750
2010,8,Management of companies and enterprises [55],0
2010,8,Manufacturing [31-33],158500
2010,8,"Mining, quarrying, and oil and gas extraction [21]",24250
2010,8,Other services (except public administration)[81],100000
2010,8,"Professional, scientific and technical services [54]",170750
2010,8,Public administration [91],104750
2010,8,"Real estate, rental and leasing [53]",49250
2010,8,Retail trade  [44-45],292750
2010,8,Transportation and warehousing [48-49],120000
2010,8,Utilities [22],12750
2010,8,Wholesale trade  [41],85750
2010,9,Accommodation and food services [72],174500
2010,9,"Administrative and support, waste management and remediation services [56]",88250
2010,9,"Agriculture, forestry, fishing and hunting [11]",50250
2010,9,"Arts, entertainment and recreation [71]",54000
2010,9,Construction [23],200000
2010,9,Educational services [61],147500
2010,9,Finance and insurance [52],93000
2010,9,Health care and social assistance [62],270500
2010,9,Information and cultural industries [51],55250
2010,9,Management of companies and enterprises [55],0
2010,9,Manufacturing [31-33],157750
2010,9,"Mining, quarrying, and oil and gas extraction [21]",26500
2010,9,Other services (except public administration)[81],95250
2010,9,"Professional, scientific and technical services [54]",164750
2010,9,Public administration [91],104750
2010,9,"Real estate, rental and leasing [53]",48000
2010,9,Retail trade  [44-45],285000
2010,9,Transportation and warehousing [48-49],120500
2010,9,Utilities [22],11000
2010,9,Wholesale trade  [41],82250
2010,10,Accommodation and food services [72],171000
2010,10,"Administrative and support, waste management and remediation services [56]",94250
2010,10,"Agriculture, forestry, fishing and hunting [11]",45750
2010,10,"Arts, entertainment and recreation [71]",50250
2010,10,Construction [23],200250
2010,10,Educational services [61],153500
2010,10,Finance and insurance [52],95500
2010,10,Health care and social assistance [62],269000
2010,10,Information and cultural industries [51],56250
2010,10,Management of companies and enterprises [55],0
2010,10,Manufacturing [31-33],160500
2010,10,"Mining, quarrying, and oil and gas extraction [21]",24500
2010,10,Other services (except public administration)[81],100000
2010,10,"Professional, scientific and technical services [54]",166750
2010,10,Public administration [91],102750
2010,10,"Real estate, rental and leasing [53]",49000
2010,10,Retail trade  [44-45],282500
2010,10,Transportation and warehousing [48-49],123000
2010,10,Utilities [22],10250
2010,10,Wholesale trade  [41],82750
2010,11,Accommodation and food services [72],170000
2010,11,"Administrative and support, waste management and remediation services [56]",94000
2010,11,"Agriculture, forestry, fishing and hunting [11]",42250
2010,11,"Arts, entertainment and recreation [71]",52500
2010,11,Construction [23],198000
2010,11,Educational services [61],161000
2010,11,Finance and insurance [52],96250
2010,11,Health care and social assistance [62],270750
2010,11,Information and cultural industries [51],56250
2010,11,Management of companies and enterprises [55],500
2010,11,Manufacturing [31-33],161750
2010,11,"Mining, quarrying, and oil and gas extraction [21]",23000
2010,11,Other services (except public administration)[81],101250
2010,11,"Professional, scientific and technical services [54]",167500
2010,11,Public administration [91],105500
2010,11,"Real estate, rental and leasing [53]",46500
2010,11,Retail trade  [44-45],283750
2010,11,Transportation and warehousing [48-49],120000
2010,11,Utilities [22],10500
2010,11,Wholesale trade  [41],82750
2010,12,Accommodation and food services [72],171500
2010,12,"Administrative and support, waste management and remediation services [56]",91000
2010,12,"Agriculture, forestry, fishing and hunting [11]",40750
2010,12,"Arts, entertainment and recreation [71]",55250
2010,12,Construction [23],187250
2010,12,Educational services [61],159750
2010,12,Finance and insurance [52],96000
2010,12,Health care and social assistance [62],265250
2010,12,Information and cultural industries [51],53250
2010,12,Management of companies and enterprises [55],500
2010,12,Manufacturing [31-33],163250
2010,12,"Mining, quarrying, and oil and gas extraction [21]",24000
2010,12,Other services (except public administration)[81],96750
2010,12,"Professional, scientific and technical services [54]",164250
2010,12,Public administration [91],104500
2010,12,"Real estate, rental and leasing [53]",44250
2010,12,Retail trade  [44-45],288750
2010,12,Transportation and warehousing [48-49],124000
2010,12,Utilities [22],10250
2010,12,Wholesale trade  [41],80750
